residue,amino_acid,plddt
1,M,77.75
2,E,79.6
3,E,76.66
4,P,77.26
5,Q,74.04
6,S,72.91
7,D,70.65
8,P,62.84
9,S,68.53
10,V,65.14
11,E,70.04
12,P,69.17
13,P,75.39
14,L,73.31
15,S,78.78
16,Q,77.56
17,E,77.2
18,T,75.08
19,F,72.49
20,S,78.99
21,D,75.89
22,L,72.62
23,W,71.08
24,K,72.75
25,L,71.92
26,L,68.82
27,P,58.95
28,E,59.6
29,N,49.2
30,N,47.11
31,V,49.64
32,L,49.42
33,S,45.99
34,P,47.96
35,L,46.72
36,P,48.42
37,S,51.16
38,Q,47.95
39,A,47.9
40,M,49.04
41,D,51.9
42,D,51.82
43,L,52.52
44,M,52.14
45,L,57.7
46,S,60.58
47,P,60.23
48,D,59.93
49,D,58.57
50,I,57.78
51,E,60.04
52,Q,55.37
53,W,50.55
54,F,55.97
55,T,56.07
56,E,58.62
57,D,60.23
58,P,64.14
59,G,65.51
60,P,64.79
61,D,65.05
62,E,66.57
63,A,68.24
64,P,68.71
65,R,63.58
66,M,67.19
67,P,69.58
68,E,71.68
69,A,71.5
70,A,73.23
71,P,72.8
72,P,70.06
73,V,63.55
74,A,74.54
75,P,68.34
76,A,66.07
77,P,69.57
78,A,69.5
79,A,66.78
80,P,68.89
81,T,70.52
82,P,68.58
83,A,72.69
84,A,74.88
85,P,66.22
86,A,70.88
87,P,68.52
88,A,63.22
89,P,58.84
90,S,61.85
91,W,48.58
92,P,56.76
93,L,51.58
94,S,55.47
95,S,53.17
96,S,67.92
97,V,77.34
98,P,79.74
99,S,84.41
100,Q,84.42
101,K,81.16
102,T,85.63
103,Y,88.75
104,Q,87.68
105,G,92.57
106,S,91.21
107,Y,94.87
108,G,93.29
109,F,95.92
110,R,87.83
111,L,94.82
112,G,92.29
113,F,91.25
114,L,81.93
115,H,68.44
116,S,71.75
117,G,63.5
118,T,57.53
119,A,69.7
120,K,65.21
121,S,71.99
122,V,83.18
123,T,90.74
124,C,92.93
125,T,91.72
126,Y,90.83
127,S,89.46
128,P,86.01
129,A,86.03
130,L,91.09
131,N,88.8
132,K,93.7
133,M,93.48
134,F,95.06
135,C,95.91
136,Q,93.73
137,L,93.68
138,A,93.81
139,K,92.63
140,T,91.97
141,C,93.43
142,P,93.87
143,V,96.23
144,Q,93.89
145,L,90.77
146,W,82.05
147,V,94.44
148,D,94.15
149,S,93.52
150,T,95.17
151,P,96.67
152,P,95.03
153,P,94.46
154,G,94.08
155,T,95.5
156,R,83.63
157,V,96.4
158,R,90.48
159,A,96.52
160,M,90.94
161,A,96.38
162,I,93.16
163,Y,94.49
164,K,92.65
165,Q,90.7
166,S,86.3
167,Q,84.34
168,H,92.05
169,M,83.7
170,T,86.6
171,E,90.97
172,V,92.41
173,V,95.62
174,R,84.92
175,R,91.01
176,C,94.28
177,P,91.09
178,H,84.15
179,H,92.6
180,E,88.99
181,R,83.71
182,C,81.68
183,S,60.75
184,D,72.2
185,S,69.4
186,D,69.29
187,G,80.41
188,L,80.22
189,A,88.82
190,P,89.77
191,P,90.24
192,Q,87.72
193,H,92.68
194,L,95.6
195,I,96.34
196,R,83.14
197,V,94.41
198,E,87.96
199,G,91.4
200,N,88.43
201,L,88.6
202,R,88.75
203,V,91.13
204,E,90.4
205,Y,91.95
206,L,90.17
207,D,88.89
208,D,85.49
209,R,78.43
210,N,80.63
211,T,85.21
212,F,87.0
213,R,87.34
214,H,91.7
215,S,92.99
216,V,89.9
217,V,94.23
218,V,93.6
219,P,95.27
220,Y,96.75
221,E,92.62
222,P,96.19
223,P,96.46
224,E,90.97
225,V,94.06
226,G,93.14
227,S,91.92
228,D,89.86
229,C,95.49
230,T,92.81
231,T,95.08
232,I,96.54
233,H,92.31
234,Y,95.79
235,N,87.74
236,Y,95.66
237,M,94.09
238,C,95.54
239,N,91.49
240,S,95.57
241,S,93.44
242,C,93.87
243,M,82.37
244,G,91.16
245,G,93.04
246,M,93.55
247,N,88.87
248,R,88.28
249,R,90.31
250,P,94.71
251,I,96.35
252,L,91.43
253,T,97.03
254,I,94.13
255,I,96.15
256,T,93.86
257,L,95.17
258,E,92.16
259,D,90.15
260,S,88.67
261,S,83.9
262,G,86.79
263,N,88.11
264,L,90.28
265,L,94.15
266,G,94.34
267,R,92.74
268,N,89.72
269,S,92.66
270,F,94.97
271,E,91.26
272,V,97.26
273,R,91.74
274,V,96.66
275,C,95.93
276,A,93.89
277,C,90.58
278,P,93.45
279,G,91.63
280,R,89.79
281,D,93.13
282,R,90.48
283,R,80.96
284,T,92.27
285,E,90.81
286,E,90.26
287,E,85.16
288,N,90.27
289,L,87.36
290,R,77.03
291,K,84.05
292,K,83.34
293,G,76.95
294,E,59.31
295,P,60.07
296,H,49.43
297,H,51.68
298,E,58.09
299,L,54.92
300,P,60.58
301,P,57.2
302,G,60.35
303,S,56.76
304,T,60.22
305,K,60.41
306,R,58.08
307,A,64.73
308,L,65.84
309,P,63.03
310,N,59.91
311,N,58.63
312,T,60.87
313,S,61.3
314,S,61.82
315,S,60.73
316,P,57.16
317,Q,62.54
318,P,59.41
319,K,57.57
320,K,55.94
321,K,53.75
322,P,53.95
323,L,49.21
324,D,49.4
325,G,55.6
326,E,56.75
327,Y,55.93
328,F,63.93
329,T,65.7
330,L,71.42
331,Q,71.83
332,I,78.33
333,R,71.26
334,G,81.25
335,R,75.58
336,E,79.51
337,R,79.22
338,F,78.55
339,E,81.34
340,M,83.24
341,F,82.1
342,R,78.05
343,E,85.84
344,L,82.93
345,N,81.71
346,E,81.94
347,A,83.02
348,L,83.62
349,E,77.54
350,L,76.77
351,K,79.56
352,D,75.74
353,A,75.89
354,Q,75.35
355,A,73.98
356,G,65.87
357,K,57.62
358,E,58.58
359,P,55.56
360,G,53.56
361,G,55.69
362,S,56.22
363,R,52.68
364,A,62.48
365,H,59.33
366,S,62.15
367,S,62.88
368,H,61.49
369,L,64.47
370,K,64.41
371,S,64.42
372,K,64.3
373,K,65.03
374,G,62.66
375,Q,65.95
376,S,60.24
377,T,63.7
378,S,62.52
379,R,56.39
380,H,58.64
381,K,57.16
382,K,58.73
383,L,58.35
384,M,60.17
385,F,59.64
386,K,62.72
387,T,66.69
388,E,67.5
389,G,74.57
390,P,74.31
391,D,70.67
392,S,71.67
393,D,77.44
