residue,amino_acid,plddt
1,M,42.720000
2,E,43.590000
3,E,37.780000
4,P,45.910000
5,Q,39.310000
6,S,39.280000
7,D,39.380000
8,P,39.340000
9,S,41.380000
10,V,45.910000
11,E,49.720000
12,P,54.410000
13,P,54.690000
14,L,49.940000
15,S,61.880000
16,Q,54.310000
17,E,57.620000
18,T,68.060000
19,F,61.560000
20,S,71.250000
21,D,72.060000
22,L,73.620000
23,W,73.440000
24,K,75.500000
25,L,77.120000
26,L,64.250000
27,P,63.160000
28,E,57.660000
29,N,47.530000
30,N,38.940000
31,V,42.940000
32,L,36.060000
33,S,34.410000
34,P,38.000000
35,L,36.530000
36,P,38.160000
37,S,34.250000
38,Q,39.660000
39,A,36.310000
40,M,38.160000
41,D,39.560000
42,D,42.160000
43,L,38.840000
44,M,35.190000
45,L,39.970000
46,S,36.780000
47,P,37.940000
48,D,48.470000
49,D,46.560000
50,I,46.840000
51,E,44.840000
52,Q,44.620000
53,W,43.280000
54,F,38.810000
55,T,39.660000
56,E,39.970000
57,D,42.280000
58,P,44.410000
59,G,41.620000
60,P,47.000000
61,D,46.560000
62,E,43.280000
63,A,46.500000
64,P,40.220000
65,R,42.220000
66,M,53.000000
67,P,43.440000
68,E,41.750000
69,A,42.060000
70,A,41.160000
71,P,55.060000
72,P,48.250000
73,V,48.280000
74,A,50.250000
75,P,49.470000
76,A,51.160000
77,P,47.440000
78,A,48.340000
79,A,46.910000
80,P,51.720000
81,T,50.840000
82,P,54.310000
83,A,52.220000
84,A,52.750000
85,P,53.720000
86,A,51.030000
87,P,47.620000
88,A,54.530000
89,P,51.160000
90,S,58.810000
91,W,57.530000
92,P,64.250000
93,L,62.840000
94,S,75.810000
95,S,87.190000
96,S,91.940000
97,V,94.000000
98,P,95.250000
99,S,95.620000
100,Q,94.500000
101,K,96.190000
102,T,97.500000
103,Y,98.120000
104,Q,97.690000
105,G,96.690000
106,S,97.120000
107,Y,97.560000
108,G,97.250000
109,F,98.250000
110,R,97.810000
111,L,98.190000
112,G,96.880000
113,F,97.500000
114,L,93.880000
115,H,88.880000
116,S,90.060000
117,G,90.940000
118,T,93.060000
119,A,93.440000
120,K,88.810000
121,S,92.690000
122,V,96.190000
123,T,97.190000
124,C,97.620000
125,T,98.060000
126,Y,98.190000
127,S,97.380000
128,P,95.940000
129,A,95.000000
130,L,96.250000
131,N,97.440000
132,K,98.250000
133,M,98.440000
134,F,98.560000
135,C,98.310000
136,Q,98.120000
137,L,97.120000
138,A,95.750000
139,K,96.810000
140,T,97.190000
141,C,97.690000
142,P,97.500000
143,V,98.310000
144,Q,97.880000
145,L,98.120000
146,W,98.120000
147,V,97.880000
148,D,97.000000
149,S,96.190000
150,T,96.310000
151,P,97.190000
152,P,96.880000
153,P,96.690000
154,G,96.880000
155,T,98.380000
156,R,98.250000
157,V,98.560000
158,R,98.560000
159,A,98.620000
160,M,98.380000
161,A,98.310000
162,I,98.000000
163,Y,98.310000
164,K,97.560000
165,Q,95.250000
166,S,94.250000
167,Q,94.690000
168,H,94.690000
169,M,94.690000
170,T,95.250000
171,E,95.690000
172,V,96.310000
173,V,97.120000
174,R,95.120000
175,R,96.620000
176,C,96.500000
177,P,95.190000
178,H,94.880000
179,H,94.250000
180,E,93.310000
181,R,91.620000
182,C,84.060000
183,S,68.810000
184,D,70.250000
185,S,68.440000
186,D,70.000000
187,G,76.190000
188,L,82.120000
189,A,90.940000
190,P,92.940000
191,P,93.620000
192,Q,93.690000
193,H,96.000000
194,L,97.310000
195,I,97.810000
196,R,96.690000
197,V,96.750000
198,E,93.000000
199,G,90.000000
200,N,90.190000
201,L,91.560000
202,R,94.940000
203,V,96.000000
204,E,96.250000
205,Y,96.810000
206,L,95.880000
207,D,95.120000
208,D,94.000000
209,R,91.560000
210,N,91.560000
211,T,93.190000
212,F,94.380000
213,R,96.380000
214,H,97.190000
215,S,97.880000
216,V,97.810000
217,V,97.940000
218,V,97.880000
219,P,97.880000
220,Y,97.690000
221,E,96.310000
222,P,95.880000
223,P,96.190000
224,E,95.190000
225,V,95.310000
226,G,94.500000
227,S,94.620000
228,D,93.940000
229,C,95.380000
230,T,96.880000
231,T,97.250000
232,I,97.940000
233,H,97.560000
234,Y,98.120000
235,N,97.190000
236,Y,98.000000
237,M,96.880000
238,C,97.250000
239,N,98.190000
240,S,98.250000
241,S,97.810000
242,C,97.440000
243,M,96.620000
244,G,93.750000
245,G,94.810000
246,M,97.120000
247,N,97.500000
248,R,97.250000
249,R,97.810000
250,P,98.060000
251,I,98.560000
252,L,98.440000
253,T,98.620000
254,I,98.620000
255,I,98.690000
256,T,98.690000
257,L,98.560000
258,E,98.500000
259,D,97.440000
260,S,96.380000
261,S,96.310000
262,G,94.560000
263,N,96.940000
264,L,98.000000
265,L,98.310000
266,G,98.190000
267,R,98.620000
268,N,98.250000
269,S,98.190000
270,F,98.500000
271,E,98.500000
272,V,98.690000
273,R,98.560000
274,V,98.690000
275,C,98.120000
276,A,97.440000
277,C,97.120000
278,P,98.000000
279,G,97.310000
280,R,96.880000
281,D,97.310000
282,R,97.500000
283,R,96.380000
284,T,96.250000
285,E,96.620000
286,E,96.120000
287,E,95.250000
288,N,93.690000
289,L,92.120000
290,R,91.380000
291,K,89.190000
292,K,81.500000
293,G,67.060000
294,E,56.250000
295,P,44.160000
296,H,49.810000
297,H,47.940000
298,E,39.030000
299,L,47.840000
300,P,44.440000
301,P,49.060000
302,G,41.880000
303,S,42.880000
304,T,45.090000
305,K,47.530000
306,R,41.470000
307,A,42.340000
308,L,51.880000
309,P,41.660000
310,N,47.090000
311,N,39.530000
312,T,45.590000
313,S,42.690000
314,S,43.880000
315,S,38.940000
316,P,47.000000
317,Q,45.470000
318,P,45.660000
319,K,47.970000
320,K,48.910000
321,K,49.970000
322,P,50.190000
323,L,53.090000
324,D,70.000000
325,G,77.690000
326,E,86.750000
327,Y,87.750000
328,F,91.000000
329,T,93.190000
330,L,94.440000
331,Q,95.810000
332,I,96.120000
333,R,96.500000
334,G,95.380000
335,R,95.310000
336,E,95.560000
337,R,94.810000
338,F,97.060000
339,E,95.940000
340,M,95.120000
341,F,97.060000
342,R,94.750000
343,E,95.250000
344,L,95.940000
345,N,95.560000
346,E,92.120000
347,A,93.880000
348,L,92.560000
349,E,89.060000
350,L,86.500000
351,K,89.120000
352,D,87.880000
353,A,82.880000
354,Q,80.120000
355,A,79.810000
356,G,66.380000
357,K,58.910000
358,E,45.970000
359,P,47.470000
360,G,36.470000
361,G,32.780000
362,S,35.940000
363,R,37.880000
364,A,37.660000
365,H,37.810000
366,S,37.560000
367,S,43.000000
368,H,39.500000
369,L,38.910000
370,K,43.030000
371,S,37.720000
372,K,44.090000
373,K,40.380000
374,G,36.280000
375,Q,39.810000
376,S,36.470000
377,T,41.810000
378,S,44.500000
379,R,45.500000
380,H,44.910000
381,K,45.530000
382,K,47.120000
383,L,38.560000
384,M,51.530000
385,F,47.970000
386,K,42.880000
387,T,50.880000
388,E,43.410000
389,G,58.190000
390,P,50.690000
391,D,41.810000
392,S,52.940000
393,D,49.620000
